Fecha,ABK-BRUTO,ABK-NETO,%AGUA
01/10/2018,14120,13094,7.266288952
02/10/2018,14152,13094,7.475975127
03/10/2018,14378,13287,7.587981639
04/10/2018,14419,13287,7.850752479
05/10/2018,14291,13287,7.025400602
06/10/2018,14567,13287,8.78698428
07/10/2018,14699,13507,8.109395197
08/10/2018,14435,13507,6.428818843
09/10/2018,14757,13507,8.470556346
10/10/2018,14831,13507,8.927246983
11/10/2018,14856,13507,9.080506193
12/10/2018,14863,13507,9.123326381
13/10/2018,14817,13691,7.599379092
14/10/2018,14605,13691,6.258130777
15/10/2018,14550,13691,5.903780069
16/10/2018,14565,13691,6.000686577
17/10/2018,14483,13691,5.468480287
18/10/2018,14101,13379,5.120204241
19/10/2018,13451,12829,4.62419151
20/10/2018,13924,13133,5.680838839
21/10/2018,14688,13691,6.787854031
22/10/2018,14755,13691,7.211114876
23/10/2018,14872,13691,7.941097364
24/10/2018,15058,13691,9.078230841
25/10/2018,14983,13691,8.623106187
26/10/2018,14717,13691,6.971529524
27/10/2018,15133,14261,5.762241459
28/10/2018,14189,13691,3.509761083
29/10/2018,14438,13691,5.173846793
30/10/2018,14544,13691,5.864961496
31/10/2018,14408,13691,4.976401999
01/11/2018,14850,14031,5.515151515
02/11/2018,15094,14031,7.042533457
03/11/2018,14781,13826,6.460997226
04/11/2018,14767,13762,6.805715447
05/11/2018,14764,13826,6.353291791
06/11/2018,16047,15067,6.10706051
07/11/2018,14823,13826,6.726033866
08/11/2018,14847,13646,8.089176265
09/11/2018,14872,13646,8.243679398
10/11/2018,15110,13646,9.688947717
11/11/2018,14718,13646,7.283598315
12/11/2018,14477,13533,6.520687988
13/11/2018,13075,11936,8.711281071
14/11/2018,12847,11936,7.091149685
15/11/2018,12572,11936,5.058860961
16/11/2018,13729,12989,5.390050259
17/11/2018,14374,13646,5.064700153
18/11/2018,14597,13646,6.515037336
19/11/2018,14568,13646,6.328940143
20/11/2018,14571,13646,6.348225928
21/11/2018,14430,13516,6.334026334
22/11/2018,14436,13516,6.372956498
23/11/2018,14371,13516,5.949481595
24/11/2018,14414,13516,6.230054114
25/11/2018,14406,13516,6.177981397
26/11/2018,14718,13516,8.166870499
27/11/2018,14673,13516,7.885231377
28/11/2018,14556,13516,7.144820005
29/11/2018,14458,13516,6.515423987
30/11/2018,14039,13516,3.725336562
01/12/2018,14547,13176,9.424623634
02/12/2018,14342,13176,8.129967926
03/12/2018,15165,13703,9.640619848
04/12/2018,15186,13703,9.765573555
05/12/2018,15373,13703,10.86320172
06/12/2018,15345,13703,10.70055393
07/12/2018,15035,13703,8.859328234
08/12/2018,15164,13703,9.634661039
09/12/2018,15219,13703,9.96123267
10/12/2018,14978,13703,8.512484978
11/12/2018,14479,13210,8.764417432
12/12/2018,14419,13324,7.594146612
13/12/2018,15047,13703,8.932013026
14/12/2018,14406,13390,7.052616965
15/12/2018,14255,13390,6.0680463
16/12/2018,13554,12608,6.97948945
17/12/2018,13795,12819,7.075027184
18/12/2018,14460,13390,7.399723375
19/12/2018,14534,13390,7.871198569
20/12/2018,14526,13390,7.820459865
21/12/2018,14294,13164,7.905414859
22/12/2018,14261,13164,7.692307692
23/12/2018,14492,13390,7.604195418
24/12/2018,14593,13390,8.243678476
25/12/2018,14623,13390,8.431922314
26/12/2018,14430,13180,8.662508663
27/12/2018,14651,13031,11.05726572
28/12/2018,14484,13031,10.03175918
29/12/2018,14594,13031,10.70988077
30/12/2018,14524,13031,10.27953732
31/12/2018,14492,13031,10.08142423
01/01/2019,15326,13721,10.47239984
02/01/2019,15707,13931,11.30706055
03/01/2019,14395,12798,11.09412991
04/01/2019,13968,12294,11.98453608
05/01/2019,13981,12294,12.0663758
06/01/2019,15941,13385,16.03412584
07/01/2019,15504,13931,10.14576883
08/01/2019,15603,13721,12.06178299
09/01/2019,15076,13721,8.987795171
10/01/2019,15259,13721,10.07929746
11/01/2019,15355,13721,10.64148486
12/01/2019,15287,13721,10.24399817
13/01/2019,15003,13721,8.544957675
14/01/2019,15331,13721,10.50159807
15/01/2019,15321,13721,10.44318256
16/01/2019,15223,13721,9.866649149
17/01/2019,14974,13721,8.367837585
18/01/2019,15146,13721,9.408424667
19/01/2019,15227,13721,9.890326394
20/01/2019,15259,13721,10.07929746
21/01/2019,15333,13721,10.51327203
22/01/2019,15138,13721,9.36054961
23/01/2019,15061,13721,8.897151584
24/01/2019,15130,13721,9.312623926
25/01/2019,15371,13721,10.73450003
26/01/2019,14551,13431,7.697065494
27/01/2019,14823,13721,7.434392498
28/01/2019,15310,13721,10.37883736
29/01/2019,15151,13721,9.438320903
30/01/2019,15286,13721,10.23812639
31/01/2019,15229,13721,9.902160352
01/02/2019,14724,12821,12.92447704
02/02/2019,14320,12821,10.46787709
03/02/2019,14561,12821,11.94972873
04/02/2019,14488,12821,11.50607399
05/02/2019,13812,12821,7.174920359
06/02/2019,14126,12821,9.238284015
07/02/2019,14235,12821,9.933263084
08/02/2019,14330,12821,10.5303559
09/02/2019,14229,12821,9.895284279
10/02/2019,14199,12821,9.704908796
11/02/2019,14520,12821,11.70110193
12/02/2019,14437,12821,11.19346125
13/02/2019,14518,12821,11.68893787
14/02/2019,14384,12821,10.86624027
15/02/2019,14223,12821,9.85727343
16/02/2019,14152,12821,9.405031091
17/02/2019,14256,12821,10.06593715
18/02/2019,14094,12821,9.032212289
19/02/2019,14171,12821,9.526497777
20/02/2019,14034,12821,8.643294855
21/02/2019,14006,12821,8.460659717
22/02/2019,13692,12670,7.464212679
23/02/2019,13759,12670,7.914819391
24/02/2019,13990,12670,9.435310936
25/02/2019,13843,12670,8.473596764
26/02/2019,10564,9870,6.569481257
27/02/2019,13436,12670,5.701101518
28/02/2019,13353,12670,5.114955441
01/03/2019,13838,12760,7.790143084
02/03/2019,13621,12760,6.321121797
03/03/2019,13877,12760,8.049290192
04/03/2019,13850,12760,7.870036101
05/03/2019,14199,12760,10.13451652
06/03/2019,14209,12760,10.19776198
07/03/2019,13995,12760,8.824580207
08/03/2019,13969,12760,8.65487866
09/03/2019,13977,12760,8.707161766
10/03/2019,13989,12760,8.785474301
11/03/2019,14203,12760,10.15982539
12/03/2019,13997,12760,8.837608059
13/03/2019,14027,12760,9.032580024
14/03/2019,13557,12760,5.878881759
15/03/2019,13742,12760,7.14597584
16/03/2019,13779,12760,7.395311706
17/03/2019,13637,12760,6.431033218
18/03/2019,14110,12760,9.567682495
19/03/2019,13846,12379,10.59511772
20/03/2019,13848,12379,10.60803004
21/03/2019,14069,12379,12.01222546
22/03/2019,14263,12760,10.53775503
23/03/2019,14205,12760,10.17247448
24/03/2019,14190,12760,10.07751938
25/03/2019,14256,12760,10.49382716
26/03/2019,14006,12550,10.39554477
27/03/2019,13964,12550,10.12603838
28/03/2019,13706,12550,8.434262367
29/03/2019,13645,12340,9.563942836
30/03/2019,13412,12130,9.558604235
31/03/2019,13656,12130,11.17457528
01/04/2019,13257,11830,10.76412461
02/04/2019,13128,11830,9.887263863
03/04/2019,13044,11830,9.306961055
04/04/2019,12948,11830,8.634538153
05/04/2019,13370,11830,11.51832461
06/04/2019,12829,11337,11.62990101
07/04/2019,13948,11830,15.18497276
08/04/2019,13668,11830,13.44746854
09/04/2019,13570,11830,12.82240236
10/04/2019,13364,11830,11.47859922
11/04/2019,13535,11830,12.59697082
12/04/2019,13111,11830,9.770421783
13/04/2019,12972,11830,8.803576935
14/04/2019,13253,11830,10.73719158
15/04/2019,13297,11830,11.03256374
16/04/2019,13812,11830,14.34984072
17/04/2019,14438,11830,18.06344369
18/04/2019,13908,11830,14.94104113
19/04/2019,14037,11830,15.72273278
20/04/2019,14085,11830,16.00993965
21/04/2019,14049,11830,15.79471849
22/04/2019,14102,11830,16.1111899
23/04/2019,14017,11830,15.6024827
24/04/2019,13861,11830,14.65262247
25/04/2019,13116,11620,11.40591644
26/04/2019,13458,11515,14.43750929
27/04/2019,13222,11515,12.91030101
28/04/2019,12966,11515,11.19080673
29/04/2019,13121,11515,12.23992074
30/04/2019,12991,11515,11.36171195
01/05/2019,13299,11515,13.41454245
02/05/2019,13363,11515,13.82922996
03/05/2019,13145,11315,13.92164321
04/05/2019,13119,11315,13.7510481
05/05/2019,13471,11315,16.00475095
06/05/2019,13331,11315,15.12264646
07/05/2019,12891,11315,12.22558374
08/05/2019,12955,11315,12.65920494
09/05/2019,12886,11315,12.19152569
10/05/2019,12772,11315,11.40776699
11/05/2019,12548,11315,9.826267134
12/05/2019,12495,11315,9.443777511
13/05/2019,12634,11315,10.44008232
14/05/2019,12606,11315,10.24115501
15/05/2019,12575,11315,10.01988072
16/05/2019,12766,11315,11.36612878
17/05/2019,12260,10751,12.30831974
18/05/2019,12283,10751,12.472523
19/05/2019,12049,10530,12.60685534
20/05/2019,12973,11315,12.78039004
21/05/2019,12831,11315,11.81513522
22/05/2019,12192,10811,11.32709974
23/05/2019,12145,10610,12.63894607
24/05/2019,13123,11578,11.77322259
25/05/2019,13367,11715,12.35879405
26/05/2019,13717,11715,14.59502807
27/05/2019,13691,11715,14.43283909
28/05/2019,13623,11715,14.00572561
29/05/2019,13526,11715,13.38902854
30/05/2019,13345,11715,12.21431248
31/05/2019,12983,11715,9.766617885
01/06/2019,13043,11715,10.18170666
02/06/2019,13356,11715,12.28661276
03/06/2019,13587,11715,13.77787591
04/06/2019,13113,11505,12.26264013
05/06/2019,12547,11505,8.30477405
06/06/2019,13017,11505,11.61557963
07/06/2019,12860,11505,10.53654743
08/06/2019,12733,11505,9.644231524
09/06/2019,12972,11505,11.30897317
10/06/2019,13123,11505,12.32949783
11/06/2019,13388,11505,14.06483418
12/06/2019,13513,11505,14.85976467
13/06/2019,13320,11505,13.62612613
14/06/2019,13592,11505,15.35462036
15/06/2019,13225,11505,13.00567108
16/06/2019,12986,11505,11.40458956
17/06/2019,13622,11505,15.54103656
18/06/2019,13227,11425,13.6236486
19/06/2019,12922,11252,12.92369602
20/06/2019,12788,11467,10.32999687
21/06/2019,13120,11467,12.59908537
22/06/2019,12977,11387,12.25244664
23/06/2019,13019,11467,11.92103848
24/06/2019,13645,12035,11.79919384
25/06/2019,13377,12035,10.03214473
26/06/2019,13664,12035,11.92183841
27/06/2019,14019,12035,14.15222198
28/06/2019,13884,12035,13.31748776
29/06/2019,13658,12035,11.88314541
30/06/2019,13814,12035,12.87823947
01/07/2019,14697,12035,18.11253997
02/07/2019,14053,12035,14.35992315
03/07/2019,13896,12035,13.39234312
04/07/2019,14355,12230,14.80320446
05/07/2019,13680,12230,10.5994152
06/07/2019,14725,12230,16.94397284
07/07/2019,14272,12035,15.67404709
08/07/2019,13910,12035,13.47951114
09/07/2019,14172,12035,15.07902907
10/07/2019,13041,11825,9.32443831
11/07/2019,13235,11825,10.65357008
12/07/2019,13108,11825,9.787915777
13/07/2019,14025,11825,15.68627451
14/07/2019,13834,11825,14.5221917
15/07/2019,14313,11825,17.38279885
16/07/2019,13973,11825,15.37250412
17/07/2019,13461,11825,12.153629
18/07/2019,13948,11825,15.22082019
19/07/2019,13864,11825,14.70715522
20/07/2019,13877,11825,14.78705772
21/07/2019,14011,11825,15.60202698
22/07/2019,13923,11825,15.06859154
23/07/2019,14012,11825,15.60805024
24/07/2019,13951,11825,15.23905096
25/07/2019,13474,11825,12.23838504
26/07/2019,13406,11825,11.79322691
27/07/2019,13352,11825,11.43648892
28/07/2019,13290,11825,11.02332581
29/07/2019,13272,11825,10.9026522
30/07/2019,13581,11825,12.92982844
31/07/2019,13553,11825,12.74994466
01/08/2019,14099,11825,16.12880346
02/08/2019,14214,11825,16.80737301
03/08/2019,14015,11825,15.62611488
04/08/2019,14459,11825,18.21702746
05/08/2019,14323,11825,17.44048035
06/08/2019,14485,11825,18.36382465
07/08/2019,14474,11825,18.30178251
08/08/2019,14113,11825,16.21200312
09/08/2019,14377,11825,17.75057383
10/08/2019,14345,11825,17.56709655
11/08/2019,13934,11825,15.13563944
12/08/2019,14068,11615,17.43673585
13/08/2019,13926,11615,16.59485854
14/08/2019,14030,11615,17.21311475
15/08/2019,13942,11615,16.69057524
16/08/2019,13783,11615,15.72952187
17/08/2019,13560,11615,14.34365782
18/08/2019,13732,11615,15.4165453
19/08/2019,13569,11615,14.40047166
20/08/2019,13600,11615,14.59558824
21/08/2019,13442,11615,13.59172742
22/08/2019,13447,11615,13.62385662
23/08/2019,13382,11615,13.20430429
24/08/2019,13426,11615,13.48875317
25/08/2019,13233,11615,12.22700824
26/08/2019,13497,11615,13.94383937
27/08/2019,13585,11615,14.50128819
28/08/2019,14105,11615,17.65331443
29/08/2019,13891,11615,16.38470952
30/08/2019,13978,11615,16.90513664
31/08/2019,13987,11615,16.95860442
01/09/2019,13451,11405,15.210765
02/09/2019,13520,11405,15.64349112
03/09/2019,13464,11405,15.2926322
04/09/2019,13851,11405,17.65937477
05/09/2019,13840,11405,17.59393064
06/09/2019,13635,11195,17.89512285
07/09/2019,13170,11195,14.99620349
08/09/2019,12748,10985,13.82962033
09/09/2019,12711,10985,13.57879002
10/09/2019,13007,10985,15.54547551
11/09/2019,12971,10985,15.31107856
12/09/2019,13088,10985,16.06815403
13/09/2019,13972,10985,21.37847123
14/09/2019,13621,10985,19.35247045
15/09/2019,13449,10985,18.32106476
16/09/2019,13492,10985,18.58138156
17/09/2019,13861,10985,20.74886372
18/09/2019,13242,10985,17.04425313
19/09/2019,12960,10985,15.23919753
20/09/2019,13470,10985,18.44840386
21/09/2019,13166,10835,17.70469391
22/09/2019,13127,10835,17.46019654
23/09/2019,13226,10835,18.07802813
24/09/2019,13007,10835,16.6987007
25/09/2019,13360,10835,18.8997006
26/09/2019,13474,10835,19.58586908
27/09/2019,13066,10835,17.07485076
28/09/2019,12533,10835,13.54823267
29/09/2019,12460,10625,14.72712681
30/09/2019,12403,10625,14.33524147
01/10/2019,12410,10625,14.38356164
02/10/2019,12631,10625,15.88156124
03/10/2019,11768,10415,11.49728076
04/10/2019,12395,10415,15.97418314
05/10/2019,12393,10415,15.96062293
06/10/2019,12427,10415,16.19055283
07/10/2019,12285,10415,15.22181522
08/10/2019,12906,10415,19.30110026
09/10/2019,12839,10415,18.87997508
10/10/2019,12917,10415,19.36982271
11/10/2019,12852,10415,18.96202926
12/10/2019,13025,10415,20.03838772
13/10/2019,12986,10415,19.79824426
14/10/2019,12916,10415,19.36358006
15/10/2019,12621,10415,17.47880517
16/10/2019,12508,10415,16.73329069
17/10/2019,12299,10415,15.31831856
18/10/2019,12521,10415,16.81974283
19/10/2019,12653,10415,17.68750494
20/10/2019,12759,10415,18.37134572
21/10/2019,12798,10415,18.62009689
22/10/2019,12026,10415,13.39597539
23/10/2019,12245,10415,14.94487546
24/10/2019,12147,10415,14.25866469
25/10/2019,12132,10415,14.15265414
26/10/2019,12666,10849,14.34549187
27/10/2019,12040,10415,13.49667774
28/10/2019,12118,10415,14.05347417
29/10/2019,12226,10415,14.81269426
30/10/2019,12249,10415,14.97265083
31/10/2019,12476,10415,16.51971786
01/11/2019,12272,10415,15.13200782
02/11/2019,12168,10415,14.40664037
03/11/2019,12323,10415,15.48324272
04/11/2019,12490,10415,16.61329063
05/11/2019,12007,10415,13.25893229
06/11/2019,12258,10415,15.03507913
07/11/2019,12535,10415,16.9126446
08/11/2019,12332,10415,15.54492378
09/11/2019,12141,10415,14.2162919
10/11/2019,12090,10415,13.85442514
11/11/2019,12387,10415,15.91991604
12/11/2019,12431,10415,16.21752071
13/11/2019,12373,10415,15.82477976
14/11/2019,12169,10415,14.41367409
15/11/2019,12047,10415,13.54694115
16/11/2019,12057,10415,13.61864477
17/11/2019,11704,10205,12.80758715
18/11/2019,11977,10205,14.7950238
19/11/2019,11903,10205,14.26531127
20/11/2019,11916,10205,14.35884525
21/11/2019,12208,10205,16.40727392
22/11/2019,12426,10205,17.87381297
23/11/2019,11909,10205,14.30850617
24/11/2019,11739,10205,13.0675526
25/11/2019,12045,10205,15.27604815
26/11/2019,12124,10205,15.82810953
27/11/2019,12606,10205,19.0464858
28/11/2019,12323,10205,17.1873732
29/11/2019,12062,10205,15.39545681
30/11/2019,12326,10205,17.2075288
01/12/2019,12097,10205,15.64024138
02/12/2019,12230,10205,16.55764513
03/12/2019,12135,10205,15.90440874
04/12/2019,12381,10205,17.57531702
05/12/2019,12239,10205,16.61900482
06/12/2019,12225,10205,16.52351738
07/12/2019,12107,10205,15.70991988
08/12/2019,12086,10205,15.56346186
09/12/2019,12029,10205,15.16335522
10/12/2019,12321,10205,17.17393069
11/12/2019,12345,10205,17.33495342
12/12/2019,12243,10205,16.64624683
13/12/2019,12382,10205,17.58197383
14/12/2019,12311,10205,17.10665259
15/12/2019,12227,10205,16.53717183
16/12/2019,12483,10205,18.24881839
17/12/2019,12250,10205,16.69387755
18/12/2019,12241,10205,16.63262805
19/12/2019,12260,10205,16.76182708
20/12/2019,12205,10205,16.38672675
21/12/2019,12244,10205,16.65305456
22/12/2019,12020,10205,15.09983361
23/12/2019,11324,10205,9.881667255
24/12/2019,11822,10205,13.67788868
25/12/2019,11712,10205,12.86714481
26/12/2019,12566,9955,20.77829063
27/12/2019,12192,10205,16.29757218
28/12/2019,12319,10205,17.16048381
29/12/2019,12200,10205,16.35245902
30/12/2019,12292,10205,16.97852262
31/12/2019,11699,10205,12.77032225
01/01/2020,11578,10205,11.85869753
02/01/2020,11698,10205,12.76286545
03/01/2020,11697,10205,12.75540737
04/01/2020,11776,10205,13.34069293
05/01/2020,11720,10205,12.92662116
06/01/2020,11596,10205,11.9955157
07/01/2020,11797,10320,12.52013224
08/01/2020,11710,10320,11.87019641
09/01/2020,12463,10970,11.9794592
10/01/2020,12558,10970,12.64532569
11/01/2020,12512,10970,12.3241688
12/01/2020,12912,10970,15.04027261
13/01/2020,12984,10970,15.51139864
14/01/2020,12644,10970,13.23948118
15/01/2020,12433,10970,11.7670715
16/01/2020,12197,10970,10.05985078
17/01/2020,12722,10970,13.77141959
18/01/2020,12580,10970,12.79809221
19/01/2020,12623,10970,13.09514379
20/01/2020,12875,11162,13.30485437
21/01/2020,13015,11399,12.41644257
22/01/2020,13166,11557,12.22087194
23/01/2020,13277,11648,12.26933795
24/01/2020,13724,11648,15.12678519
25/01/2020,13749,11648,15.28111135
26/01/2020,13310,11648,12.48685199
27/01/2020,13550,11648,14.03690037
28/01/2020,13101,11648,11.09075643
29/01/2020,13421,11648,13.21064004
30/01/2020,13363,11648,12.83394447
31/01/2020,13426,11648,13.24296142
01/02/2020,13374,11648,12.9056378
02/02/2020,13270,11648,12.22305953
03/02/2020,13283,11648,12.30896635
04/02/2020,13285,11648,12.32216786
05/02/2020,13299,11648,12.41446725
06/02/2020,13318,11648,12.53942033
07/02/2020,13399,11648,13.06813941
08/02/2020,13316,11648,12.52628417
09/02/2020,13347,11648,12.72945231
10/02/2020,13214,11648,11.85106705
11/02/2020,14060,11648,17.15504979
12/02/2020,13807,11648,15.63699573
13/02/2020,14087,11648,17.31383545
14/02/2020,13929,11648,16.37590638
15/02/2020,14646,11648,20.46975283
16/02/2020,14148,11648,17.6703421
17/02/2020,14813,11648,21.36636738
18/02/2020,14818,11648,21.39290053
19/02/2020,14291,11648,18.49415716
20/02/2020,14925,11648,21.95644891
21/02/2020,14448,11432,20.87486157
22/02/2020,14638,11432,21.90189917
23/02/2020,14538,11432,21.36469941
24/02/2020,15050,11648,22.60465116
25/02/2020,14671,11648,20.60527571
26/02/2020,15301,11648,23.87425658
27/02/2020,14856,11648,21.59396877
28/02/2020,14747,11648,21.01444362
29/02/2020,14664,11648,20.56737589
01/03/2020,14876,11648,21.69938155
02/03/2020,14673,11648,20.61609759
03/03/2020,14579,11648,20.10425955
04/03/2020,14540,11648,19.88995873
05/03/2020,14643,11648,20.45345899
06/03/2020,14552,11648,19.95601979
07/03/2020,14446,11648,19.36868337
08/03/2020,14123,11648,17.52460525
09/03/2020,14396,11648,19.08863573
10/03/2020,14325,11648,18.68760908
11/03/2020,14419,11648,19.21769887
12/03/2020,14586,11648,20.1426025
13/03/2020,14547,11648,19.9285076
14/03/2020,14448,11648,19.37984496
15/03/2020,15227,12156,20.16812241
16/03/2020,15506,12751,17.76731588
17/03/2020,14606,12751,12.70026017
18/03/2020,14621,12751,12.78982286
19/03/2020,15939,12751,20.00125478
20/03/2020,15055,12751,15.30388575
21/03/2020,14342,12751,11.09329243
22/03/2020,14444,12751,11.72112988
23/03/2020,14519,12751,12.17714719
24/03/2020,14395,12751,11.42063216
25/03/2020,17256,14831,14.05308299
26/03/2020,16221,14331,11.65156279
27/03/2020,14971,13058,12.77803754
28/03/2020,14939,13058,12.59120423
29/03/2020,14837,13058,11.99029453
30/03/2020,15139,13058,13.74595416
31/03/2020,15989,14092,11.86440678
01/04/2020,18881,15249,19.23626927
02/04/2020,18598,14831,20.25486611
03/04/2020,20455,16246,20.57687607
04/04/2020,17722,14154,20.13316781
05/04/2020,19641,16355,16.73030905
06/04/2020,17751,14621,17.63280942
07/04/2020,17277,14621,15.3730393
08/04/2020,17192,14621,14.95463006
09/04/2020,17030,14621,14.14562537
10/04/2020,17854,14621,18.10798701
11/04/2020,17505,14621,16.47529277
12/04/2020,17374,14621,15.84551629
13/04/2020,18141,14621,19.40356099
14/04/2020,17861,14621,18.14008174
15/04/2020,18159,14621,19.48345173
16/04/2020,17760,14621,17.67454955
17/04/2020,17715,14621,17.46542478
18/04/2020,17745,14621,17.60495914
19/04/2020,18348,14621,20.31284064
20/04/2020,18370,14621,20.40827436
21/04/2020,17034,14621,14.16578607
22/04/2020,16820,14621,13.07372176
23/04/2020,13908,11700,15.87575496
24/04/2020,13852,11700,15.53566272
25/04/2020,13521,11700,13.46793876
26/04/2020,13495,11700,13.30122268
27/04/2020,13415,11700,12.78419679
28/04/2020,13903,11700,15.84550097
29/04/2020,14829,11700,21.10054623
30/04/2020,14737,11700,20.60799349
01/05/2020,14470,11700,19.1430546
02/05/2020,14501,11700,19.31590925
03/05/2020,14666,11700,20.22364653
04/05/2020,15496,11700,24.4966443
05/05/2020,16156,12335,23.6506561
06/05/2020,15903,12335,22.43601836
07/05/2020,15675,12335,21.30781499
08/05/2020,15651,12335,21.18714459
09/05/2020,15654,12335,21.20224863
10/05/2020,15809,12335,21.97482447
11/05/2020,15569,12335,20.77204702
12/05/2020,15636,12335,21.11153748
13/05/2020,15308,12335,19.42121766
14/05/2020,15613,12335,20.99532441
15/05/2020,15847,12335,22.16192339
16/05/2020,15954,12335,22.6839664
17/05/2020,15979,12335,22.80493147
18/05/2020,16105,12335,23.40887923
19/05/2020,16759,12335,26.39775643
20/05/2020,15445,12125,21.49562965
21/05/2020,15702,11675,25.64641447
22/05/2020,14958,10970,26.66131836
23/05/2020,14481,10435,27.94005939
24/05/2020,13417,10435,22.22553477
25/05/2020,13479,10435,22.58327769
26/05/2020,14345,10435,27.25688393
27/05/2020,14136,10435,26.18138087
28/05/2020,14052,10435,25.74010817
29/05/2020,14163,10435,26.3221069
30/05/2020,13739,10435,24.04832957
31/05/2020,13719,10435,23.93760478
01/06/2020,12967,10435,19.52649032
02/06/2020,13090,10435,20.28265852
03/06/2020,10144,8271,18.46411672
04/06/2020,9990,8271,17.20720721
05/06/2020,10011,8271,17.38088103
06/06/2020,9985,8271,17.16574862
07/06/2020,11094,9182,17.23454119
08/06/2020,12374,10433,15.68611605
09/06/2020,12372,10433,15.67248626
10/06/2020,12404,10433,15.89003547
11/06/2020,12546,10433,16.84202136
12/06/2020,12498,10433,16.52264362
13/06/2020,12624,10433,17.35583016
14/06/2020,12541,10433,16.80886692
15/06/2020,12310,10433,15.24776604
16/06/2020,12474,10433,16.36203303
17/06/2020,12534,10433,16.76240625
18/06/2020,12413,10433,15.95101909
19/06/2020,12426,10433,16.03895059
20/06/2020,12503,10433,16.55602655
21/06/2020,12492,10433,16.48254883
22/06/2020,12336,10433,15.42639429
23/06/2020,12506,10433,16.5760435
24/06/2020,12665,10433,17.6233715
25/06/2020,12336,10433,15.42639429
26/06/2020,12569,10433,16.99419206
27/06/2020,12634,10433,17.42124426
28/06/2020,12500,10433,16.536
29/06/2020,12671,10433,17.66237866
30/06/2020,12777,10433,18.34546451
01/07/2020,12254,10433,14.86045373
02/07/2020,12471,10433,16.34191324
03/07/2020,12541,10433,16.80886692
04/07/2020,12537,10433,16.78232432
05/07/2020,12677,10433,17.7013489
06/07/2020,12714,10433,17.9408526
07/07/2020,13801,10433,24.40402869
08/07/2020,13612,10433,23.35439318
09/07/2020,13482,10433,22.61533897
10/07/2020,13595,10433,23.25855094
11/07/2020,13533,10433,22.90696815
12/07/2020,13651,10433,23.57336459
13/07/2020,13807,10433,24.43687984
14/07/2020,13567,10433,23.10016953
15/07/2020,13706,10433,23.88005253
16/07/2020,13454,10433,22.45428869
17/07/2020,13479,10433,22.59811559
18/07/2020,13521,10433,22.83854744
19/07/2020,13686,10433,23.76881485
20/07/2020,13395,10433,22.11272863
21/07/2020,13020,10433,19.86943164
22/07/2020,12812,10433,18.5685295
23/07/2020,13359,10433,21.90283704
24/07/2020,13483,10433,22.6210784
25/07/2020,13490,10433,22.66123054
26/07/2020,13431,10433,22.32149505
27/07/2020,13636,10433,23.48929305
28/07/2020,12716,10433,17.95375904
29/07/2020,13609,10433,23.33749724
30/07/2020,13621,10433,23.40503634
31/07/2020,13923,10433,25.06643683
01/08/2020,13390,10433,22.08364451
02/08/2020,13465,10433,22.51763832
03/08/2020,13390,10433,22.08364451
04/08/2020,13478,10433,22.59237276
05/08/2020,13262,10433,21.33162419
06/08/2020,12999,10433,19.73998
07/08/2020,13316,10433,21.65064584
08/08/2020,11941,10433,12.62875806
09/08/2020,12296,10433,15.15126871
10/08/2020,12519,10639,15.0171739
11/08/2020,12531,10639,15.09855558
12/08/2020,12428,10639,14.39491471
13/08/2020,12133,10639,12.3135251
14/08/2020,12142,10639,12.37852084
15/08/2020,12570,10639,15.36197295
16/08/2020,12386,10639,14.10463426
17/08/2020,12337,10639,13.76347572
18/08/2020,12585,10874,13.59555026
19/08/2020,12748,10874,14.70034515
20/08/2020,12964,10874,16.12156742
21/08/2020,13193,11110,15.78867581
22/08/2020,13963,11110,20.4325718
23/08/2020,13934,11335,18.6522176
24/08/2020,13953,11335,18.76299004
25/08/2020,14272,11335,20.57875561
26/08/2020,14036,11335,19.24337418
27/08/2020,14134,11335,19.80331116
28/08/2020,13454,11335,15.74996284
29/08/2020,13736,11335,17.47961561
30/08/2020,13550,11335,16.34686347
31/08/2020,13557,11335,16.3900568
01/09/2020,13543,11335,16.30362549
02/09/2020,13520,11335,16.1612426
03/09/2020,13964,11335,18.82698367
04/09/2020,14258,11335,20.5007715
05/09/2020,12985,11335,12.70696958
06/09/2020,13094,11335,13.43363373
07/09/2020,13104,11335,13.49969475
08/09/2020,13021,11335,12.94831426
09/09/2020,12947,11335,12.45076079
10/09/2020,13401,11335,15.41675994
11/09/2020,13439,11335,15.65592678
12/09/2020,13332,11335,14.9789979
13/09/2020,13857,11335,18.20018763
14/09/2020,13674,11335,17.10545561
15/09/2020,13488,11335,15.96233689
16/09/2020,13521,11335,16.16744324
17/09/2020,13405,11335,15.44199925
18/09/2020,13310,11335,14.83846732
19/09/2020,13367,11335,15.20161592
20/09/2020,13559,11335,16.40238956
21/09/2020,13686,11335,17.17813824
22/09/2020,13620,11335,16.77679883
23/09/2020,13596,11335,16.62989114
24/09/2020,13744,11335,17.52764843
25/09/2020,13635,11335,16.8683535
26/09/2020,13593,11125,18.15640403
27/09/2020,13236,11125,15.94892717
28/09/2020,13324,11125,16.50405284
29/09/2020,13374,11125,16.81621056
30/09/2020,13181,11125,15.59820954
01/10/2020,13493,11125,17.54984066
02/10/2020,13708,11125,18.84301138
03/10/2020,13862,11125,19.7446256
04/10/2020,12909,11125,13.81981563
05/10/2020,13280,10915,17.80873494
06/10/2020,12849,10705,16.68612343
07/10/2020,10288,8296,19.36236392
08/10/2020,11357,7837,30.99410055
09/10/2020,11405,7837,31.28452433
10/10/2020,10715,7837,26.8595427
11/10/2020,10918,9089,16.75215241
12/10/2020,12345,10285,16.68691778
13/10/2020,12365,10285,16.82167408
14/10/2020,11923,10075,15.49945484
15/10/2020,11925,10075,15.51362683
16/10/2020,11986,10075,15.94360087
17/10/2020,11919,10075,15.47109657
18/10/2020,11978,10075,15.88746034
19/10/2020,12394,10075,18.71066645
20/10/2020,12096,10075,16.70800265
21/10/2020,12126,10075,16.91406894
22/10/2020,12517,10075,19.50946712
23/10/2020,12542,10075,19.66990911
24/10/2020,12871,10495,18.46010411
25/10/2020,12130,10075,16.94146744
26/10/2020,12528,10075,19.58014049
27/10/2020,12640,10075,20.29272152
28/10/2020,12979,10075,22.37460513
29/10/2020,12640,10075,20.29272152
30/10/2020,12484,10075,19.29669978
31/10/2020,12539,10075,19.65068985
01/11/2020,12708,10075,20.71923198
02/11/2020,12803,10075,21.30750605
03/11/2020,12738,10075,20.9059507
04/11/2020,12695,10075,20.63804647
05/11/2020,11758,9041,23.10767137
06/11/2020,9777,7819,20.02659302
07/11/2020,11768,9744,17.19918423
08/11/2020,12168,10075,17.2008547
09/11/2020,12221,10075,17.55993781
10/11/2020,12388,10075,18.6712948
11/11/2020,12543,10075,19.67631348
12/11/2020,12078,10075,16.5838715
13/11/2020,12132,10075,16.95515991
14/11/2020,11992,10075,15.9856571
15/11/2020,11948,10075,15.67626381
16/11/2020,11866,10075,15.09354458
17/11/2020,11687,10075,13.79310345
18/11/2020,11766,10075,14.37191909
19/11/2020,11686,10075,13.78572651
20/11/2020,11757,10075,14.30637067
21/11/2020,11857,10075,15.02909674
22/11/2020,11727,10075,14.08714931
23/11/2020,11793,10075,14.56796405
24/11/2020,11824,10075,14.79194858
25/11/2020,11785,10075,14.5099703
26/11/2020,11878,10075,15.17932312
27/11/2020,11877,10075,15.17218153
28/11/2020,12008,10075,16.0976016
29/11/2020,12265,10075,17.85568691
30/11/2020,12285,10075,17.98941799
01/12/2020,12502,10075,19.41289394
02/12/2020,11930,10075,15.54903604
03/12/2020,11900,10075,15.33613445
04/12/2020,11609,10075,13.21388578
05/12/2020,11790,10075,14.54622561
06/12/2020,11773,10075,14.4228319
07/12/2020,12280,10573,13.90065147
08/12/2020,11848,10573,10.76130993
09/12/2020,12676,10573,16.59040707
10/12/2020,12890,11078,14.05740884
11/12/2020,13161,11288,14.23144138
12/12/2020,14125,11610,17.80530973
13/12/2020,14312,11610,18.87926216
14/12/2020,13900,11610,16.47482014
15/12/2020,13937,11610,16.69656311
16/12/2020,14598,11610,20.46855734
17/12/2020,14491,11610,19.88130564
18/12/2020,14648,11610,20.74003277
19/12/2020,14166,11610,18.04320203
20/12/2020,14502,11610,19.94207695
21/12/2020,14292,11610,18.76574307
22/12/2020,14395,11610,19.34699548
23/12/2020,13912,11610,16.54686601
24/12/2020,14789,11899,19.54155115
25/12/2020,14049,11899,15.30358033
26/12/2020,14307,11899,16.83092193
27/12/2020,14517,11899,18.03402907
28/12/2020,14388,11899,17.29913817
29/12/2020,14236,11899,16.41612813
30/12/2020,14072,11899,15.44201251
31/12/2020,14139,11899,15.84270458
01/01/2021,13888,11899,14.32171659
02/01/2021,13992,11899,14.95854774
03/01/2021,13927,11899,14.56164285
04/01/2021,13865,11899,14.17958889
05/01/2021,14126,11899,15.76525556
06/01/2021,14169,11899,16.02089068
07/01/2021,14011,11899,15.07387053
08/01/2021,14094,11899,15.57400312
09/01/2021,14270,11899,16.6152768
10/01/2021,14642,11899,18.73377954
11/01/2021,14793,11899,19.56330697
12/01/2021,14618,11899,18.60035573
13/01/2021,14662,11899,18.84463238
14/01/2021,17891,14399,19.51819351
15/01/2021,16048,12939,19.37313061
16/01/2021,17226,13945,19.04678974
17/01/2021,18905,15207,19.56096271
18/01/2021,16868,13796,18.21199905
19/01/2021,17278,13746,20.44218081
20/01/2021,15989,13163,17.67465132
21/01/2021,17791,14600,17.93603507
22/01/2021,17509,14888,14.96944429
23/01/2021,17070,14261,16.45577036
24/01/2021,15489,13050,15.74665892
25/01/2021,16840,14333,14.8871734
26/01/2021,17191,14696,14.51340818
27/01/2021,17497,14696,16.00845859
28/01/2021,17023,14105,17.14151442
29/01/2021,16193,13420,17.12468351
30/01/2021,17221,14350,16.67150572
31/01/2021,16262,13241,18.57705079
01/02/2021,15338,13031,15.04107446
02/02/2021,15469,12361,20.0917965
03/02/2021,17793,14176,20.32821896
04/02/2021,17426,13939,20.01032939
05/02/2021,20519,16959,17.34977338
06/02/2021,18854,15574,17.39683887
07/02/2021,18416,15141,17.78344917
08/02/2021,16857,13927,17.38150323
09/02/2021,16195,13261,18.11670269
10/02/2021,17216,14128,17.93680297
11/02/2021,19493,16051,17.65762068
12/02/2021,16383,13437,17.98205457
13/02/2021,15708,12966,17.45607334
14/02/2021,15091,12361,18.09025247
15/02/2021,16981,13949,17.85524999
16/02/2021,15075,12226,18.89883914
17/02/2021,15251,12535,17.80866828
18/02/2021,14642,12416,15.20284114
19/02/2021,16293,13590,16.5899466
20/02/2021,14651,12080,17.54829022
21/02/2021,14004,11640,16.88089117
22/02/2021,12990,11090,14.62663587
23/02/2021,12992,11090,14.63977833
24/02/2021,13087,11090,15.25941774
25/02/2021,14749,12560,14.84168418
26/02/2021,15098,12580,16.67770566
27/02/2021,14542,11915,18.06491542
28/02/2021,16352,13590,16.8909002
01/03/2021,13997,11090,20.76873616
02/03/2021,15822,12701,19.72569839
03/03/2021,18952,15140,20.11397214
04/03/2021,13851,11090,19.9335788
05/03/2021,14546,11460,21.21545442
06/03/2021,15625,12737,18.4832
07/03/2021,16227,12990,19.94823442
08/03/2021,16305,12568,22.91934989
09/03/2021,16305,12740,21.86445875
10/03/2021,16246,12730,21.6422504
11/03/2021,14281,11090,22.34437364
12/03/2021,14100,11090,21.34751773
13/03/2021,14160,11090,21.68079096
14/03/2021,15161,12085,20.28889915
15/03/2021,16951,13413,20.87192496
16/03/2021,19482,15546,20.20326455
17/03/2021,15936,12795,19.71009036
18/03/2021,15888,12742,19.80110775
19/03/2021,15873,12775,19.51741952
20/03/2021,16812,13293,20.93147752
21/03/2021,17472,13787,21.09088828
22/03/2021,16267,12755,21.58972152
23/03/2021,13485,11258,16.5146459
24/03/2021,13835,11687,15.52584026
25/03/2021,13099,11090,15.33704863
26/03/2021,14819,12510,15.58134827
27/03/2021,16114,13630,15.41516694
28/03/2021,16227,13977,13.86577926
29/03/2021,19248,16597,13.77285952
30/03/2021,17157,14787,13.81360378
31/03/2021,14885,12789,14.08128989
01/04/2021,17608,14806,15.91322126
02/04/2021,16502,13931,15.57992971
03/04/2021,14466,12004,17.01921748
04/04/2021,14355,12140,15.43016371
05/04/2021,13702,11705,14.57451467
06/04/2021,14894,12516,15.96616087
07/04/2021,14768,12420,15.8992416
08/04/2021,14516,12290,15.33480298
09/04/2021,15852,13377,15.61317184
10/04/2021,13160,11090,15.72948328
11/04/2021,12887,11090,13.94428494
12/04/2021,13710,11740,14.36907367
13/04/2021,15591,13047,16.31710602
14/04/2021,16989,13303,21.69639178
15/04/2021,15594,12169,21.96357573
16/04/2021,15766,12631,19.88456172
17/04/2021,19071,15791,17.19888836
18/04/2021,17353,14544,16.18740275
19/04/2021,18279,14964,18.1355654
20/04/2021,18956,15938,15.9210804
21/04/2021,16993,14200,16.4361796
22/04/2021,17193,14121,17.86773687
23/04/2021,17657,14388,18.51390383
24/04/2021,16587,13393,19.25604389
25/04/2021,18030,14500,19.57848031
26/04/2021,16643,13391,19.53974644
27/04/2021,16711,13245,20.74082939
28/04/2021,16311,13228,18.90135491
29/04/2021,16531,13206,20.11372573
30/04/2021,18216,14420,20.83882301
01/05/2021,18454,14883,19.35081825
02/05/2021,18265,14902,18.41226389
03/05/2021,16250,13208,18.72
04/05/2021,18058,14528,19.54812272
05/05/2021,16409,13226,19.3978914
06/05/2021,15039,12123,19.38958707
07/05/2021,16228,12780,21.24722702
08/05/2021,16365,13190,19.40116101
09/05/2021,16251,13179,18.9034521
10/05/2021,17032,14419,15.34170972
11/05/2021,15167,12820,15.47438518
12/05/2021,15060,11520,23.5059761
13/05/2021,16481,14129,14.2709787
14/05/2021,14359,11927,16.93711261
15/05/2021,13736,11087,19.28509027
16/05/2021,13644,11087,18.74083846
17/05/2021,14201,11515,18.91416097
18/05/2021,14765,12224,17.20961734
19/05/2021,15878,12920,18.62955032
20/05/2021,15491,12820,17.2422697
21/05/2021,16195,13420,17.13491818
22/05/2021,15471,12420,19.72076789
23/05/2021,16705,12398,25.78269979
24/05/2021,16489,12823,22.23300382
25/05/2021,15271,12343,19.17359701
26/05/2021,15740,12192,22.54129606
27/05/2021,16294,12418,23.78789739
28/05/2021,14603,11908,18.45511196
29/05/2021,13912,11970,13.95917194
30/05/2021,15574,12970,16.72017465
31/05/2021,15589,13208,15.27359035
01/06/2021,15963,12832,19.61410762
02/06/2021,16514,13084,20.77025554
03/06/2021,15295,13047,14.6976136
04/06/2021,14543,12522,13.89672007
05/06/2021,15364,13305,13.40145795
06/06/2021,13550,11408,15.80811808
07/06/2021,13324,11178,16.10627439
08/06/2021,13533,11049,18.3551319
09/06/2021,13723,11461,16.48327625
10/06/2021,15012,12594,16.10711431
11/06/2021,12755,10624,16.70717366
12/06/2021,14543,12098,16.81221206
13/06/2021,14697,12459,15.22759747
14/06/2021,15366,13345,13.15241442
15/06/2021,16996,14487,14.76229701
16/06/2021,17145,14334,16.39545057
17/06/2021,16312,14004,14.14909269
18/06/2021,18318,16110,12.05371765
19/06/2021,16888,14822,12.23353861
20/06/2021,16665,14476,13.13531353
21/06/2021,16513,14470,12.37207049
22/06/2021,14638,12884,11.98251127
23/06/2021,17446,15270,12.47277313
24/06/2021,17097,14774,13.58717904
25/06/2021,18091,15471,14.48233928
26/06/2021,16917,14425,14.73074422
27/06/2021,16091,13961,13.23721335
28/06/2021,15251,13002,14.746574
29/06/2021,16303,13881,14.85616144
30/06/2021,15998,13400,16.23952994
01/07/2021,12457,10689,14.19282331
02/07/2021,14872,12289,17.36820871
03/07/2021,17461,14696,15.83529008
04/07/2021,15500,13300,14.19354839
05/07/2021,14431,12346,14.4480632
06/07/2021,14246,12341,13.37217465
07/07/2021,14686,13068,11.01729538
08/07/2021,15347,13699,10.73825503
09/07/2021,14964,13249,11.46083935
10/07/2021,13847,12562,9.279988445
11/07/2021,15209,13542,10.96061543
12/07/2021,14798,13214,10.70414921
13/07/2021,15059,13124,12.8494588
14/07/2021,15087,13074,13.34261285
15/07/2021,15075,13044,13.47263682
16/07/2021,13298,11524,13.34035193
17/07/2021,13406,11628,13.26271819
18/07/2021,13560,11647,14.10766962
19/07/2021,13452,11676,13.20249777
20/07/2021,13384,11584,13.4488942
21/07/2021,13312,11565,13.1234976
22/07/2021,13391,11639,13.08341423
23/07/2021,13506,11639,13.82348586
24/07/2021,14067,11632,17.31001635
25/07/2021,13816,11639,15.75709323
26/07/2021,13756,11628,15.46961326
27/07/2021,14016,11639,16.9591895
28/07/2021,14246,11636,18.32093219
29/07/2021,13911,11639,16.33239882
30/07/2021,13847,11639,15.94569221
31/07/2021,13562,11739,13.44197021
01/08/2021,13323,11638,12.64730166
02/08/2021,13292,11592,12.78964791
03/08/2021,13053,11382,12.80165479
04/08/2021,12755,11404,10.59192474
05/08/2021,12796,11455,10.47983745
06/08/2021,13390,11703,12.59895444
07/08/2021,13235,11702,11.58292406
08/08/2021,13088,11679,10.7655868
09/08/2021,13622,11645,14.51328733
10/08/2021,13581,11667,14.09321847
11/08/2021,13556,11682,13.82413691
12/08/2021,13684,11701,14.49137679
13/08/2021,13011,11680,10.22980555
14/08/2021,13410,11679,12.9082774
15/08/2021,13562,11679,13.88438283
16/08/2021,13248,11679,11.8432971
17/08/2021,13271,11679,11.99608168
18/08/2021,13349,11679,12.5103004
19/08/2021,13308,11679,12.24075744
20/08/2021,13309,11748,11.72890525
21/08/2021,13440,11748,12.58928571
22/08/2021,13595,11700,13.93894814
23/08/2021,14007,11700,16.47033626
24/08/2021,13911,11700,15.89389692
25/08/2021,13795,11750,14.82421167
26/08/2021,14062,11750,16.44147347
27/08/2021,14103,11750,16.68439339
28/08/2021,14301,11750,17.83791343
29/08/2021,14129,11750,16.83770968
30/08/2021,13901,11870,14.61045968
31/08/2021,13596,11702,13.93056781
01/09/2021,13584,11702,13.85453475
02/09/2021,13806,11702,15.23975083
03/09/2021,13570,11702,13.76565954
04/09/2021,13475,11702,13.15769944
05/09/2021,13944,11702,16.07860011
06/09/2021,13829,11702,15.38072167
07/09/2021,13827,11702,15.36848196
08/09/2021,14342,11702,18.40747455
09/09/2021,13974,11702,16.25876628
10/09/2021,14001,11702,16.4202557
11/09/2021,14642,11702,20.07922415
12/09/2021,13459,11702,13.0544617
13/09/2021,13371,11702,12.48223768
14/09/2021,14423,11702,18.86570062
15/09/2021,14068,11702,16.81831106
16/09/2021,14227,11702,17.74794405
17/09/2021,13964,11702,16.19879691
18/09/2021,13950,11702,16.11469534
19/09/2021,13797,11702,15.18446039
20/09/2021,13834,11688,15.51250542
21/09/2021,13711,11586,15.49850485
22/09/2021,13600,11586,14.80882353
23/09/2021,13817,11586,16.14677571
24/09/2021,13669,11516,15.75096935
25/09/2021,13393,11516,14.01478384
26/09/2021,13583,11491,15.40160495
27/09/2021,13456,11376,15.45778835
28/09/2021,13620,11483,15.69016153
29/09/2021,13527,11476,15.16226806
30/09/2021,13391,11483,14.24837577
01/10/2021,13537,11483,15.17322893
02/10/2021,13609,11483,15.62201484
03/10/2021,13442,11483,14.57372415
04/10/2021,13553,11483,15.27337121
05/10/2021,13718,11483,16.29246246
06/10/2021,14202,11490,19.09590199
07/10/2021,13499,11490,14.8825839
08/10/2021,13203,11280,14.56487162
09/10/2021,13539,11280,16.68513184
10/10/2021,13242,11070,16.40235614
11/10/2021,13167,11070,15.92617908
12/10/2021,12914,11070,14.27907697
13/10/2021,12822,11070,13.66401497
14/10/2021,13083,11160,14.69846366
15/10/2021,12903,11160,13.5084864
16/10/2021,13024,11160,14.31203931
17/10/2021,12977,11160,14.00169531
18/10/2021,12888,11160,13.40782123
19/10/2021,12641,11160,11.71584527
20/10/2021,12014,10308,14.20009988
21/10/2021,12616,11160,11.54090044
22/10/2021,12981,11066,14.75233033
23/10/2021,13193,11066,16.12218601
24/10/2021,12954,11066,14.57464876
25/10/2021,12861,11066,13.95692403
26/10/2021,12994,11266,13.29844544
27/10/2021,12783,11066,13.43190174
28/10/2021,12706,11066,12.9072879
29/10/2021,12716,11066,12.97577855
30/10/2021,13262,11557,12.8562811
31/10/2021,12932,11066,14.42932261
01/11/2021,12887,11066,14.13051913
02/11/2021,12871,11066,14.02377438
03/11/2021,12517,11066,11.59223456
04/11/2021,12288,11066,9.944661458
05/11/2021,12373,11156,9.83593308
06/11/2021,12125,10945,9.731958763
07/11/2021,12163,10945,10.01397681
08/11/2021,12242,10945,10.59467407
09/11/2021,12178,10945,10.12481524
10/11/2021,12353,10945,11.39804096
11/11/2021,12370,10945,11.51980598
12/11/2021,12442,10945,12.03182768
13/11/2021,12402,10735,13.44138042
14/11/2021,12334,10735,12.9641641
15/11/2021,12372,10735,13.23149046
16/11/2021,12187,10735,11.91433495
17/11/2021,12568,10735,14.58465945
18/11/2021,12734,10735,15.69813099
19/11/2021,12579,10735,14.65935289
20/11/2021,12497,10735,14.09938385
21/11/2021,11758,10525,10.48647729
22/11/2021,11410,10416,8.711656442
23/11/2021,11447,10416,9.006726653
24/11/2021,11538,10416,9.724388976
25/11/2021,11685,10416,10.86007702
26/11/2021,11688,10521,9.984599589
27/11/2021,11679,10416,10.81428204
28/11/2021,11640,10416,10.51546392
29/11/2021,11652,10521,9.706488157
30/11/2021,11443,10466,8.537970812
01/12/2021,11349,10416,8.220988633
02/12/2021,11557,10521,8.964264082
03/12/2021,11544,10521,8.861746362
04/12/2021,11582,10521,9.160766707
05/12/2021,11524,10236,11.17667477
06/12/2021,11354,10206,10.11097411
07/12/2021,11443,10206,10.81010225
08/12/2021,11140,9906,11.07719928
09/12/2021,10964,9793,10.68040861
10/12/2021,11029,9793,11.20681839
11/12/2021,10656,9696,9.009009009
12/12/2021,10692,9696,9.315375982
13/12/2021,10880,9696,10.88235294
14/12/2021,10535,9580,9.065021357
15/12/2021,10346,9276,10.34216122
16/12/2021,10198,9276,9.040988429
17/12/2021,10574,9276,12.27539247
18/12/2021,10411,9276,10.90193065
19/12/2021,10424,9276,11.01304682
20/12/2021,10669,9276,13.05651889
21/12/2021,10374,9066,12.60844419
22/12/2021,10453,9066,13.26891801
23/12/2021,10431,9066,13.08599367
24/12/2021,10399,9066,12.81854024
25/12/2021,10472,9066,13.4262796
26/12/2021,10385,9066,12.70101107
27/12/2021,10407,9066,12.8855578
28/12/2021,10401,9066,12.8353043
29/12/2021,10344,9066,12.3549884
30/12/2021,10281,9066,11.81791655
31/12/2021,10238,9066,11.44754835
01/01/2022,10544,8856,16.0091047
02/01/2022,10330,8646,16.30203291
03/01/2022,9968,8646,13.26243981
04/01/2022,10021,8646,13.72118551
05/01/2022,9862,8646,12.33015615
06/01/2022,9930,8646,12.9305136
07/01/2022,9696,8646,10.82920792
08/01/2022,9695,8646,10.82001031
09/01/2022,10133,8646,14.67482483
10/01/2022,10394,8966,13.7386954
11/01/2022,10440,8966,14.11877395
12/01/2022,10180,8966,11.92534381
13/01/2022,10520,8966,14.77186312
14/01/2022,10314,8646,16.17219314
15/01/2022,10460,8646,17.34225621
16/01/2022,10203,8646,15.26021758
17/01/2022,10097,8646,14.37060513
18/01/2022,10094,8646,14.34515554
19/01/2022,10150,8896,12.3546798
20/01/2022,10442,8949,14.2980272
21/01/2022,10301,9046,12.18328318
22/01/2022,10371,9046,12.77601003
23/01/2022,10501,9046,13.85582325
24/01/2022,10130,9046,10.70088845
25/01/2022,10398,9046,13.00250048
26/01/2022,10076,8836,12.30647082
27/01/2022,10205,8626,15.47280745
28/01/2022,10097,8626,14.56868377
29/01/2022,10161,8626,15.10678083
30/01/2022,9837,8416,14.44546101
31/01/2022,9802,8416,14.13997143
01/02/2022,9747,8416,13.65548374
02/02/2022,9837,8416,14.44546101
03/02/2022,9775,8416,13.9028133
04/02/2022,9865,8416,14.68829194
05/02/2022,9509,8416,11.49437375
06/02/2022,9928,8416,15.22965351
07/02/2022,9703,8416,13.26393899
08/02/2022,9811,8416,14.21873407
09/02/2022,9777,8416,13.92042549
10/02/2022,9685,8416,13.10273619
11/02/2022,9734,8416,13.54016848
12/02/2022,9783,8416,13.97321885
13/02/2022,9653,8416,12.81466901
14/02/2022,9626,8416,12.57012258
15/02/2022,9697,8416,13.21027122
16/02/2022,9690,8641,10.8255934
17/02/2022,10076,8926,11.41325923
18/02/2022,9788,8752,10.58438905
19/02/2022,9667,8752,9.465190855
20/02/2022,9764,8542,12.51536256
21/02/2022,9828,8542,13.08506309
22/02/2022,9615,8542,11.15964639
23/02/2022,9545,8422,11.76532216
24/02/2022,9926,8632,13.03646988
25/02/2022,10031,8842,11.85325491
26/02/2022,10259,8842,13.8122624
27/02/2022,10485,9042,13.76251788
28/02/2022,10350,8842,14.57004831
01/03/2022,10113,8842,12.56798181
02/03/2022,10282,8842,14.00505738
03/03/2022,10234,8842,13.60171976
04/03/2022,10103,8842,12.48144116
05/03/2022,10105,8842,12.49876299
06/03/2022,10359,8963,13.47620427
07/03/2022,10583,9178,13.27600869
08/03/2022,10537,9178,12.89740913
09/03/2022,10851,9508,12.37673947
10/03/2022,10812,9508,12.06067333
11/03/2022,10837,9511,12.23585863
12/03/2022,10786,9511,11.82087892
13/03/2022,11413,9921,13.07281171
14/03/2022,10961,9511,13.22872001
15/03/2022,11166,9511,14.8217804
16/03/2022,10710,9294,13.22128852
17/03/2022,10286,9063,11.8899475
18/03/2022,10215,9063,11.27753304
19/03/2022,10242,9063,11.51142355
20/03/2022,10153,9063,10.73574313
21/03/2022,10022,9063,9.568948314
22/03/2022,10143,9063,10.64773736
23/03/2022,10618,9541,10.14315314
24/03/2022,10563,9541,9.675281643
25/03/2022,10555,9541,9.606821412
26/03/2022,10431,9541,8.532259611
27/03/2022,10494,9541,9.081379836
28/03/2022,10661,9541,10.50558109
29/03/2022,10527,9541,9.366391185
30/03/2022,10634,9711,8.679706601
31/03/2022,10766,9846,8.545420769
01/04/2022,10804,9846,8.867086264
02/04/2022,10302,9378,8.969132207
03/04/2022,10537,9716,7.791591535
04/04/2022,10182,9317,8.495384011
05/04/2022,10063,9167,8.903905396
06/04/2022,10011,9117,8.930176806
07/04/2022,9827,9037,8.039076015
08/04/2022,10384,9037,12.97187982
09/04/2022,10317,9037,12.40670738
10/04/2022,10216,9037,11.54072044
11/04/2022,10177,9037,11.20172939
12/04/2022,10186,9037,11.28018849
13/04/2022,10378,9037,12.92156485
14/04/2022,10266,9037,11.97155659
15/04/2022,10474,9037,13.71968684
16/04/2022,10210,9037,11.48873653
17/04/2022,10307,9037,12.3217231
18/04/2022,10296,9037,12.22804973
19/04/2022,10479,9037,13.76085504
20/04/2022,10216,9037,11.54072044
21/04/2022,10356,9037,12.73657783
22/04/2022,10339,9037,12.59309411
23/04/2022,10313,9037,12.37273344
24/04/2022,10214,9037,11.52339926
25/04/2022,10135,9037,10.83374445
26/04/2022,10134,9037,10.82494573
27/04/2022,10491,9301,11.34305595
28/04/2022,10546,9255,12.24160819
29/04/2022,10375,9209,11.23855422
30/04/2022,10293,9209,10.53142913
01/05/2022,10245,9209,10.11224988
02/05/2022,10146,9209,9.235166568
03/05/2022,10166,9209,9.413732048
04/05/2022,10164,9033,11.12750885
05/05/2022,9944,8993,9.563555913
06/05/2022,9958,8993,9.690700944
07/05/2022,10102,8993,10.97802415
08/05/2022,10168,8993,11.55586153
09/05/2022,10098,8993,10.94276094
10/05/2022,10363,8993,13.22011001
11/05/2022,10539,8993,14.66932347
12/05/2022,10475,9129,12.849642
13/05/2022,10983,9434,14.10361468
14/05/2022,10963,9434,13.94691234
15/05/2022,10963,9696,11.55705555
16/05/2022,10869,9806,9.780108566
17/05/2022,10837,9806,9.513703054
18/05/2022,11249,9806,12.82780692
19/05/2022,11071,9806,11.42624876
20/05/2022,11184,9806,12.3211731
21/05/2022,11111,9806,11.74511745
22/05/2022,11193,9806,12.39167337
23/05/2022,10851,9806,9.630448807
24/05/2022,10870,9806,9.788408464
25/05/2022,10956,9806,10.49653158
26/05/2022,11218,9806,12.58691389
27/05/2022,11299,9806,13.21355872
28/05/2022,11179,9806,12.28195724
29/05/2022,11044,9806,11.20970663
30/05/2022,11256,10106,10.21677328
31/05/2022,11706,10360,11.4983769
01/06/2022,11947,10470,12.3629363
02/06/2022,11898,10470,12.00201715
03/06/2022,11886,10470,11.91317516
04/06/2022,11772,10470,11.06014271
05/06/2022,11810,10470,11.34631668
06/06/2022,11659,10470,10.1981302
07/06/2022,11666,10470,10.2520144
08/06/2022,11744,10470,10.84809264
09/06/2022,11656,10470,10.17501716
10/06/2022,11839,10470,11.56347664
11/06/2022,11540,10410,9.79202773
12/06/2022,11620,10410,10.4130809
13/06/2022,11599,10410,10.2508837
14/06/2022,11639,10410,10.5593264
15/06/2022,11607,10410,10.31274231
16/06/2022,11618,10410,10.39765881
17/06/2022,11593,10410,10.20443371
18/06/2022,11599,10410,10.2508837
19/06/2022,11797,10320,12.52013224
20/06/2022,11618,10270,11.60268549
21/06/2022,11413,10270,10.01489529
22/06/2022,11459,10270,10.37612357
23/06/2022,11773,10512,10.71094878
24/06/2022,11856,10489,11.53002699
25/06/2022,11858,10432,12.0256367
26/06/2022,11707,10302,12.0013667
27/06/2022,11677,10302,11.77528475
28/06/2022,11705,10302,11.98633063
29/06/2022,11451,10302,10.03405816
30/06/2022,11606,10190,12.2005859
01/07/2022,11757,10302,12.37560602
02/07/2022,11814,10302,12.79837481
03/07/2022,11989,10302,14.07123196
05/07/2022,11755,10302,12.36069758
06/07/2022,11881,10302,13.29012709
07/07/2022,12082,10302,14.73266016
08/07/2022,11727,10302,12.15144538
09/07/2022,11866,10302,13.18051576
10/07/2022,11955,10302,13.82685069
11/07/2022,11931,10302,13.65350767
12/07/2022,11839,10302,12.98251542
13/07/2022,11705,10302,11.98633063
14/07/2022,11849,10302,13.05595409
15/07/2022,11846,10302,13.03393551
16/07/2022,11938,10302,13.70413805
17/07/2022,11802,10302,12.70971022
18/07/2022,11565,10282,11.09381755
19/07/2022,11697,10282,12.09711892
20/07/2022,11625,10282,11.55268817
21/07/2022,11863,10392,12.39989885
22/07/2022,11902,10392,12.68694337
23/07/2022,11926,10392,12.86265303
24/07/2022,11830,10392,12.15553677
25/07/2022,12009,10392,13.46490132
26/07/2022,12293,10392,15.46408525
27/07/2022,12179,10392,14.67279744
28/07/2022,12258,10392,15.2227117
29/07/2022,12019,10392,13.53689991
30/07/2022,11914,10392,12.77488669
31/07/2022,11996,10392,13.37112371
01/08/2022,12120,10392,14.25742574
02/08/2022,11869,10392,12.44418232
03/08/2022,11957,10392,13.08856737
04/08/2022,11936,10392,12.93565684
05/08/2022,11906,10392,12.71627751
06/08/2022,11780,10392,11.78268251
07/08/2022,11903,10392,12.69427875
08/08/2022,11895,10392,12.63556116
09/08/2022,11973,10357,13.497035
10/08/2022,11977,10357,13.52592469
11/08/2022,11714,10357,11.58442889
12/08/2022,11749,10357,11.84781684
13/08/2022,11769,10357,11.99762087
14/08/2022,11768,10357,11.99014276
15/08/2022,11846,10357,12.56964376
16/08/2022,11850,10357,12.59915612
17/08/2022,11748,10357,11.84031324
18/08/2022,11774,10357,12.03499236
19/08/2022,11902,10357,12.98101159
20/08/2022,11641,10357,11.02998024
21/08/2022,11858,10357,12.6581211
22/08/2022,11842,10357,12.54011147
23/08/2022,11582,10357,10.57675704
24/08/2022,11681,10357,11.33464601
25/08/2022,11693,10357,11.42563927
26/08/2022,11513,10357,10.04082342
27/08/2022,11853,10357,12.62127731
28/08/2022,11785,10357,12.11709801
29/08/2022,11789,10357,12.14691662
30/08/2022,11708,10357,11.53911855
31/08/2022,11818,10357,12.36249788
01/09/2022,12045,10455,13.20049813
02/09/2022,12317,10561,14.25671836
03/09/2022,12089,10561,12.63958971
04/09/2022,12116,10561,12.83426874
05/09/2022,12167,10561,13.19963837
06/09/2022,12039,10561,12.27676717
07/09/2022,12358,10663,13.71581162
08/09/2022,12205,10782,11.65915608
09/09/2022,12326,10877,11.75563849
10/09/2022,12563,10961,12.75173127
11/09/2022,12211,10961,10.23667185
12/09/2022,12316,10961,11.00194868
13/09/2022,12247,10961,10.50053074
14/09/2022,12451,11171,10.28029877
15/09/2022,12370,11171,9.692805174
16/09/2022,12535,11171,10.88153171
17/09/2022,12418,11171,10.0418747
18/09/2022,12488,11171,10.54612428
19/09/2022,12543,11171,10.938372
20/09/2022,12478,11171,10.47443501
21/09/2022,12233,11088,9.359928063
22/09/2022,12429,11088,10.78928313
23/09/2022,12138,11003,9.350799143
24/09/2022,12061,11003,8.772075284
25/09/2022,11960,10923,8.670568562
26/09/2022,11991,10840,9.598865816
27/09/2022,11837,10760,9.09858917
28/09/2022,11798,10760,8.798101373
29/09/2022,11620,10675,8.13253012
30/09/2022,11617,10465,9.916501679
01/10/2022,11764,10379,11.77320639
02/10/2022,11826,10299,12.9122273
03/10/2022,11796,10218,13.37741607
04/10/2022,11042,10218,7.462416229
05/10/2022,11173,10218,8.547391032
06/10/2022,11116,10168,8.528247571
07/10/2022,10958,10106,7.775141449
08/10/2022,10975,10048,8.446469248
09/10/2022,11039,9998,9.430202011
10/10/2022,11363,9998,12.01267271
11/10/2022,11394,9998,12.25206249
12/10/2022,11357,9998,11.96618825
13/10/2022,11448,9998,12.66596785
14/10/2022,11288,9998,11.4280652
15/10/2022,11260,9998,11.20781528
16/10/2022,11312,9998,11.61598303
17/10/2022,11398,9998,12.28285664
18/10/2022,11302,9998,11.53778092
19/10/2022,11301,9998,11.5299531
20/10/2022,11330,9998,11.75639894
21/10/2022,11388,9998,12.2058307
22/10/2022,11425,9998,12.49015317
23/10/2022,11528,9998,13.27203331
24/10/2022,11390,9998,12.22124671
25/10/2022,11547,9998,13.41473976
26/10/2022,11787,9998,15.17773819
27/10/2022,11802,9998,15.28554482
28/10/2022,11711,9998,14.6272735
29/10/2022,11939,10279,13.90401206
30/10/2022,11070,9698,12.39385727
31/10/2022,11179,9698,13.24805439
01/11/2022,11340,9998,11.83421517
02/11/2022,11275,9998,11.32594235
03/11/2022,11313,9998,11.62379563
04/11/2022,11403,10074,11.65482768
05/11/2022,11454,10074,12.04819277
06/11/2022,11323,10074,11.03064559
07/11/2022,11293,10074,10.79429735
08/11/2022,11377,10074,11.45293135
09/11/2022,11244,10074,10.40554963
10/11/2022,11116,10074,9.373875495
11/11/2022,11044,10024,9.235784136
12/11/2022,11185,10024,10.37997318
13/11/2022,11189,10024,10.4120118
14/11/2022,11377,10024,11.89241452
15/11/2022,11227,10024,10.71524005
16/11/2022,11360,10024,11.76056338
17/11/2022,11130,10024,9.937106918
18/11/2022,11168,10024,10.24355301
19/11/2022,11324,10024,11.48004239
20/11/2022,11222,10024,10.67545892
21/11/2022,11233,10024,10.76293065
22/11/2022,11344,10024,11.63610719
23/11/2022,11419,10024,12.2164813
24/11/2022,11499,10024,12.82720237
25/11/2022,11365,10024,11.79938407
26/11/2022,11357,10024,11.73725456
27/11/2022,11367,10024,11.81490279
28/11/2022,11462,10024,12.54580352
29/11/2022,11537,10024,13.11432781
30/11/2022,11580,10024,13.43696028
01/12/2022,11496,10024,12.80445372
02/12/2022,11471,10024,12.61441897
03/12/2022,11350,10024,11.68281938
04/12/2022,10760,9371,12.90892193
05/12/2022,11180,10024,10.33989267
06/12/2022,11230,10024,10.73909172
07/12/2022,11331,10024,11.53472774
08/12/2022,,,
09/12/2022,,,
10/12/2022,,,
11/12/2022,,,
12/12/2022,,,
13/12/2022,,,
14/12/2022,,,
15/12/2022,,,
16/12/2022,,,
17/12/2022,,,
18/12/2022,,,
19/12/2022,,,
20/12/2022,,,
21/12/2022,,,
22/12/2022,,,
23/12/2022,,,
24/12/2022,,,
25/12/2022,,,
26/12/2022,,,
27/12/2022,,,
28/12/2022,,,
29/12/2022,,,
30/12/2022,,,
31/12/2022,,,
